                  epoch,         train/box_loss,         train/cls_loss,         train/dfl_loss,   metrics/precision(B),      metrics/recall(B),       metrics/mAP50(B),    metrics/mAP50-95(B),           val/box_loss,           val/cls_loss,           val/dfl_loss,                 lr/pg0,                 lr/pg1,                 lr/pg2
                      1,                 4.2847,                 3.1751,                 3.1489,                0.37757,                0.41379,                0.33054,                0.10766,                 2.5775,                 1.9443,                 2.1995,             0.00066077,             0.00066077,             0.00066077
                      2,                 2.4904,                 1.5358,                 1.8292,                0.84018,                0.57143,                 0.6322,                0.27614,                 2.0989,                 1.4125,                 1.6939,              0.0010646,              0.0010646,              0.0010646
                      3,                 2.3666,                 1.3501,                 1.6747,                0.85044,                0.59606,                0.64938,                0.25425,                 2.2382,                  1.303,                 1.7365,              0.0012044,              0.0012044,              0.0012044
                      4,                 2.2816,                  1.267,                 1.6113,                0.82194,                0.62156,                0.64049,                0.28033,                 2.1116,                   1.25,                 1.6852,               0.000812,               0.000812,               0.000812
                      5,                 2.2145,                 1.1853,                 1.5601,                0.87422,                0.68475,                0.71621,                0.28571,                 2.2289,                 1.2433,                 1.7183,               0.000416,               0.000416,               0.000416
